id_transacoes;fk_tipo_transacao;fk_investimentos;fk_cliente;qtde;valor_total;data_hora_transacao;status
1;6;15;12;30;719.57;'2023-06-08 05:44:02';1
2;3;31;11;629;930.69;'2023-06-08 05:44:02';1
3;6;5;10;291;710.43;'2023-06-08 05:44:02';1
4;6;16;10;769;676.91;'2023-06-08 05:44:02';1
5;3;29;5;132;173.74;'2023-06-08 05:44:02';1
6;6;4;9;32;835.95;'2023-06-08 05:44:02';1
7;6;12;10;133;438.94;'2023-06-08 05:44:02';1
8;6;10;24;381;592.58;'2023-06-08 05:44:02';1
9;2;24;24;12;503.52;'2023-06-08 05:44:02';1
10;1;27;3;802;606.77;'2023-06-08 05:44:02';1
11;6;10;14;316;843.52;'2023-06-08 05:44:02';1
12;5;30;21;814;661.69;'2023-06-08 05:44:02';1
13;6;5;21;109;833.65;'2023-06-08 05:44:02';1
14;2;27;3;146;761.87;'2023-06-08 05:44:02';1
15;6;3;17;190;544.65;'2023-06-08 05:44:02';1
16;4;28;22;572;78.29;'2023-06-08 05:44:02';1
17;6;22;5;874;439.26;'2023-06-08 05:44:02';1
18;6;19;2;480;247.24;'2023-06-08 05:44:02';1
19;6;3;2;396;170.64;'2023-06-08 05:44:02';1
20;2;23;1;463;752.39;'2023-06-08 05:44:02';1
21;6;19;27;382;793.83;'2023-06-08 05:44:02';1
22;6;8;9;577;856.33;'2023-06-08 05:44:02';1
23;6;3;27;769;429.68;'2023-06-08 05:44:02';1
24;2;27;21;443;787.16;'2023-06-08 05:44:02';1
25;1;40;23;131;959.23;'2023-06-08 05:44:02';1
26;5;30;13;989;436.57;'2023-06-08 05:44:02';1
27;6;15;16;781;284.85;'2023-06-08 05:44:02';1
28;6;8;4;647;33.67;'2023-06-08 05:44:02';1
29;2;37;17;565;713.3;'2023-06-08 05:44:02';1
30;2;34;1;28;794.15;'2023-06-08 05:44:02';1
31;2;25;2;153;101.93;'2023-06-08 05:44:02';1
32;6;10;20;182;759.37;'2023-06-08 05:44:02';1
33;6;6;9;399;732.67;'2023-06-08 05:44:02';1
34;6;19;13;430;820.09;'2023-06-08 05:44:02';1
35;3;36;29;183;847.52;'2023-06-08 05:44:02';1
36;6;14;9;313;639.22;'2023-06-08 05:44:02';1
37;2;1;21;72;122.88;'2023-06-08 05:44:02';1
38;1;23;7;840;329.6;'2023-06-08 05:44:02';1
39;6;8;14;432;490.17;'2023-06-08 05:44:02';1
40;6;7;26;430;351.53;'2023-06-08 05:44:02';1
41;1;23;9;525;958.74;'2023-06-08 05:44:02';1
42;4;28;24;805;984.63;'2023-06-08 05:44:02';1
43;6;18;17;964;348.14;'2023-06-08 05:44:02';1
44;6;15;20;3;283.4;'2023-06-08 05:44:02';1
45;6;8;24;285;190.7;'2023-06-08 05:44:02';1
46;5;32;26;738;213.03;'2023-06-08 05:44:02';1
47;3;30;22;848;262.92;'2023-06-08 05:44:02';1
48;6;13;12;658;938.04;'2023-06-08 05:44:02';1
49;5;26;26;513;122.66;'2023-06-08 05:44:02';1
50;6;2;15;666;116.86;'2023-06-08 05:44:02';1
51;6;4;29;451;986.29;'2023-06-08 05:44:02';1
52;1;35;27;520;554.94;'2023-06-08 05:44:02';1
53;1;24;19;110;482.3;'2023-06-08 05:44:02';1
54;6;20;14;371;187.64;'2023-06-08 05:44:02';1
55;4;29;1;769;644.62;'2023-06-08 05:44:02';1
56;6;12;24;678;760.11;'2023-06-08 05:44:02';1
57;2;24;16;733;899.67;'2023-06-08 05:44:02';1
58;3;26;2;130;651.11;'2023-06-08 05:44:02';1
59;6;15;12;69;26.43;'2023-06-08 05:44:02';1
60;6;8;16;724;39.59;'2023-06-08 05:44:02';1
61;1;27;4;795;645.5;'2023-06-08 05:44:02';1
62;6;21;2;801;885.75;'2023-06-08 05:44:02';1
63;2;35;26;888;627.45;'2023-06-08 05:44:02';1
64;2;1;30;20;131.08;'2023-06-08 05:44:02';1
65;3;31;24;575;858.08;'2023-06-08 05:44:02';1
66;6;18;22;33;429.75;'2023-06-08 05:44:02';1
67;1;23;10;104;231.8;'2023-06-08 05:44:02';1
68;6;19;4;626;997.19;'2023-06-08 05:44:02';1
69;6;20;11;431;625.26;'2023-06-08 05:44:02';1
70;2;23;8;48;2.25;'2023-06-08 05:44:02';1
71;1;38;27;974;805.66;'2023-06-08 05:44:02';1
72;2;25;17;364;579.63;'2023-06-08 05:44:02';1
73;1;40;4;733;420.97;'2023-06-08 05:44:02';1
74;6;22;20;433;363.37;'2023-06-08 05:44:02';1
75;6;13;27;191;316.18;'2023-06-08 05:44:02';1
76;2;34;9;915;195.81;'2023-06-08 05:44:02';1
77;1;25;21;186;386.71;'2023-06-08 05:44:02';1
78;1;1;8;158;115.2;'2023-06-08 05:44:02';1
79;6;10;30;348;403.17;'2023-06-08 05:44:02';1
80;2;40;18;670;464.9;'2023-06-08 05:44:02';1
81;6;18;3;969;10.47;'2023-06-08 05:44:02';1
82;6;11;10;865;838.56;'2023-06-08 05:44:02';1
83;3;30;6;163;320.37;'2023-06-08 05:44:02';1
84;2;31;19;746;827.03;'2023-06-08 05:44:02';1
85;2;25;25;115;364.51;'2023-06-08 05:44:02';1
86;6;22;17;585;783.61;'2023-06-08 05:44:02';1
87;1;30;14;763;666.32;'2023-06-08 05:44:02';1
88;6;11;4;155;189.9;'2023-06-08 05:44:02';1
89;2;1;13;177;249.3;'2023-06-08 05:44:02';1
90;2;23;2;331;706.67;'2023-06-08 05:44:02';1
91;6;3;5;752;904.23;'2023-06-08 05:44:02';1
92;1;35;8;771;952.19;'2023-06-08 05:44:02';1
93;6;3;24;395;189.95;'2023-06-08 05:44:02';1
94;2;28;20;615;766.53;'2023-06-08 05:44:02';1
95;6;12;26;97;552.14;'2023-06-08 05:44:02';1
96;2;40;6;913;352.72;'2023-06-08 05:44:02';1
97;6;5;6;204;510.3;'2023-06-08 05:44:02';1
98;4;33;3;527;102.64;'2023-06-08 05:44:02';1
99;2;37;8;846;534.77;'2023-06-08 05:44:02';1
100;6;9;2;323;308.07;'2023-06-08 05:44:02';1
101;6;11;27;354;656.85;'2023-06-08 05:44:02';1
102;6;2;24;851;939.78;'2023-06-08 05:44:02';1
103;6;2;29;917;750.09;'2023-06-08 05:44:02';1
104;6;2;5;21;130.86;'2023-06-08 05:44:02';1
105;6;17;22;464;782.1;'2023-06-08 05:44:02';1
106;1;1;29;216;970.91;'2023-06-08 05:44:02';1
107;6;8;6;433;963.78;'2023-06-08 05:44:02';1
108;2;40;24;340;931.52;'2023-06-08 05:44:02';1
109;4;29;8;770;436.1;'2023-06-08 05:44:02';1
110;6;17;16;901;576.84;'2023-06-08 05:44:02';1
111;6;14;16;822;152.27;'2023-06-08 05:44:02';1
112;6;17;12;858;895.88;'2023-06-08 05:44:02';1
113;6;10;7;918;585.49;'2023-06-08 05:44:02';1
114;6;4;4;414;515.48;'2023-06-08 05:44:02';1
115;6;4;5;982;811.87;'2023-06-08 05:44:02';1
116;3;36;19;749;441.61;'2023-06-08 05:44:02';1
117;6;17;25;723;434.44;'2023-06-08 05:44:02';1
118;6;14;23;300;222.05;'2023-06-08 05:44:02';1
119;6;4;8;970;925.5;'2023-06-08 05:44:02';1
120;6;12;28;413;104.05;'2023-06-08 05:44:02';1
121;2;40;29;156;669.92;'2023-06-08 05:44:02';1
122;2;39;4;360;947.27;'2023-06-08 05:44:02';1
123;6;14;2;106;148.22;'2023-06-08 05:44:02';1
124;4;28;28;287;579.37;'2023-06-08 05:44:02';1
125;6;13;28;517;47.37;'2023-06-08 05:44:02';1
126;6;11;27;692;392.31;'2023-06-08 05:44:02';1
127;5;36;12;553;204.86;'2023-06-08 05:44:02';1
128;2;34;21;36;553.58;'2023-06-08 05:44:02';1
129;4;29;11;615;269.84;'2023-06-08 05:44:02';1
130;2;39;20;198;596.82;'2023-06-08 05:44:02';1
131;6;19;21;643;256.08;'2023-06-08 05:44:02';1
132;6;6;13;719;125.34;'2023-06-08 05:44:02';1
133;6;16;2;906;581.54;'2023-06-08 05:44:02';1
134;1;24;7;148;3.68;'2023-06-08 05:44:02';1
135;6;14;24;865;338.92;'2023-06-08 05:44:02';1
136;6;14;26;120;474.52;'2023-06-08 05:44:02';1
137;5;38;14;96;23.97;'2023-06-08 05:44:02';1
138;5;31;6;504;111.49;'2023-06-08 05:44:02';1
139;3;26;27;896;140.62;'2023-06-08 05:44:02';1
140;3;37;22;87;975.37;'2023-06-08 05:44:02';1
141;6;15;18;645;534.92;'2023-06-08 05:44:02';1
142;6;16;23;586;717.91;'2023-06-08 05:44:02';1
143;1;24;6;856;683.42;'2023-06-08 05:44:02';1
144;6;15;7;664;753.41;'2023-06-08 05:44:02';1
145;6;9;19;851;885.4;'2023-06-08 05:44:02';1
146;6;17;14;30;955.57;'2023-06-08 05:44:02';1
147;2;23;9;385;172.76;'2023-06-08 05:44:02';1
148;1;29;30;466;295.15;'2023-06-08 05:44:02';1
149;5;32;13;187;889.53;'2023-06-08 05:44:02';1
150;1;25;12;66;221.07;'2023-06-08 05:44:02';1
151;1;25;23;99;404.62;'2023-06-08 05:44:02';1
152;6;7;8;109;135.27;'2023-06-08 05:44:02';1
153;6;4;24;845;256.07;'2023-06-08 05:44:02';1
154;1;37;16;31;794.94;'2023-06-08 05:44:02';1
155;2;24;29;870;659.03;'2023-06-08 05:44:02';1
156;4;31;7;174;582.99;'2023-06-08 05:44:02';1
157;6;15;3;555;975.76;'2023-06-08 05:44:02';1
158;6;21;10;584;888.75;'2023-06-08 05:44:02';1
159;2;36;6;77;991.93;'2023-06-08 05:44:02';1
160;1;39;17;454;42.1;'2023-06-08 05:44:02';1
161;6;3;26;144;38.24;'2023-06-08 05:44:02';1
162;1;25;1;253;77.32;'2023-06-08 05:44:02';1
163;1;38;7;840;277.31;'2023-06-08 05:44:02';1
164;2;30;1;276;894.82;'2023-06-08 05:44:02';1
165;6;14;13;183;92;'2023-06-08 05:44:02';1
166;3;37;21;191;568.68;'2023-06-08 05:44:02';1
167;6;20;25;696;237.84;'2023-06-08 05:44:02';1
168;6;8;11;79;405.13;'2023-06-08 05:44:02';1
169;1;25;9;356;14.64;'2023-06-08 05:44:02';1
170;4;32;14;809;466.89;'2023-06-08 05:44:02';1
171;3;30;22;522;272.41;'2023-06-08 05:44:02';1
172;3;32;24;94;817.37;'2023-06-08 05:44:02';1
173;2;26;27;99;73.56;'2023-06-08 05:44:02';1
174;6;15;15;609;550.55;'2023-06-08 05:44:02';1
175;4;32;27;108;774.05;'2023-06-08 05:44:02';1
176;2;34;13;112;95.85;'2023-06-08 05:44:02';1
177;6;14;13;755;394.67;'2023-06-08 05:44:02';1
178;6;3;12;129;449.35;'2023-06-08 05:44:02';1
179;3;36;24;817;134.69;'2023-06-08 05:44:02';1
180;3;36;25;180;177.16;'2023-06-08 05:44:02';1
181;6;12;26;909;453.13;'2023-06-08 05:44:02';1
182;6;2;4;85;815.32;'2023-06-08 05:44:02';1
183;1;1;18;383;468.25;'2023-06-08 05:44:02';1
184;6;22;10;143;548.98;'2023-06-08 05:44:02';1
185;1;35;12;956;464.46;'2023-06-08 05:44:02';1
186;2;24;26;703;768.41;'2023-06-08 05:44:02';1
187;6;2;2;643;594.42;'2023-06-08 05:44:02';1
188;6;22;9;487;253.55;'2023-06-08 05:44:02';1
189;6;9;6;896;173.69;'2023-06-08 05:44:02';1
190;6;6;2;723;646.41;'2023-06-08 05:44:02';1
191;6;9;6;197;919.61;'2023-06-08 05:44:02';1
192;6;15;14;792;114;'2023-06-08 05:44:02';1
193;6;22;29;478;845.65;'2023-06-08 05:44:02';1
194;1;25;3;432;505.8;'2023-06-08 05:44:02';1
195;6;19;24;358;859.99;'2023-06-08 05:44:02';1
196;6;20;13;486;138.57;'2023-06-08 05:44:02';1
197;6;5;4;16;580.25;'2023-06-08 05:44:02';1
198;6;9;3;157;15.29;'2023-06-08 05:44:02';1
199;6;2;2;952;245.81;'2023-06-08 05:44:02';1
200;2;35;5;681;198;'2023-06-08 05:44:02';1
201;6;21;4;900;176.11;'2023-06-08 05:44:02';1
202;1;28;5;794;372.17;'2023-06-08 05:44:02';1
203;6;9;14;358;162.23;'2023-06-08 05:44:02';1
204;6;22;1;598;939.19;'2023-06-08 05:44:02';1
205;6;21;13;238;562.34;'2023-06-08 05:44:02';1
206;6;10;9;490;612.67;'2023-06-08 05:44:02';1
207;6;5;16;842;516.19;'2023-06-08 05:44:02';1
208;3;31;18;933;947.67;'2023-06-08 05:44:02';1
209;6;19;30;250;862.92;'2023-06-08 05:44:02';1
210;1;35;15;403;857.94;'2023-06-08 05:44:02';1
211;5;28;15;202;177.02;'2023-06-08 05:44:02';1
212;6;14;18;586;34.69;'2023-06-08 05:44:02';1
213;6;22;4;486;165.3;'2023-06-08 05:44:02';1
214;6;10;16;809;229.05;'2023-06-08 05:44:02';1
215;6;12;21;773;750.67;'2023-06-08 05:44:02';1
216;2;1;9;147;977.58;'2023-06-08 05:44:02';1
217;6;4;21;687;258.33;'2023-06-08 05:44:02';1
218;6;4;7;363;89.04;'2023-06-08 05:44:02';1
219;1;25;18;199;805.74;'2023-06-08 05:44:02';1
220;4;29;14;864;499.06;'2023-06-08 05:44:02';1
221;1;27;25;438;873.82;'2023-06-08 05:44:02';1
222;6;19;26;599;744.28;'2023-06-08 05:44:02';1
223;6;3;9;97;674.39;'2023-06-08 05:44:02';1
224;5;30;18;980;237.92;'2023-06-08 05:44:02';1
225;6;14;24;689;577.96;'2023-06-08 05:44:02';1
226;2;39;19;583;806.47;'2023-06-08 05:44:02';1
227;6;22;20;340;74;'2023-06-08 05:44:02';1
228;6;2;3;653;174.37;'2023-06-08 05:44:02';1
229;6;7;11;773;242.7;'2023-06-08 05:44:02';1
230;1;26;7;389;909.85;'2023-06-08 05:44:02';1
231;6;14;30;989;446.94;'2023-06-08 05:44:02';1
232;6;5;19;421;482.28;'2023-06-08 05:44:02';1
233;6;11;23;785;17.97;'2023-06-08 05:44:02';1
234;6;12;2;801;433.2;'2023-06-08 05:44:02';1
235;3;36;18;969;283.32;'2023-06-08 05:44:02';1
236;1;38;18;896;198.36;'2023-06-08 05:44:02';1
237;1;34;11;658;987.36;'2023-06-08 05:44:02';1
238;4;28;4;672;570.78;'2023-06-08 05:44:02';1
239;1;1;20;384;494.38;'2023-06-08 05:44:02';1
240;6;17;28;339;756.61;'2023-06-08 05:44:02';1
241;6;19;3;276;718.28;'2023-06-08 05:44:02';1
242;6;17;12;455;353.24;'2023-06-08 05:44:02';1
243;3;37;18;947;403.73;'2023-06-08 05:44:02';1
244;6;15;8;37;557.62;'2023-06-08 05:44:02';1
245;5;29;18;243;537.13;'2023-06-08 05:44:02';1
246;6;22;24;187;827.96;'2023-06-08 05:44:02';1
247;1;35;12;671;216.41;'2023-06-08 05:44:02';1
248;6;19;9;885;17.21;'2023-06-08 05:44:02';1
249;1;38;27;763;712.08;'2023-06-08 05:44:02';1
250;6;5;11;607;597.68;'2023-06-08 05:44:02';1
251;5;31;28;419;99.76;'2023-06-08 05:44:02';1
252;6;17;13;257;930.23;'2023-06-08 05:44:02';1
253;6;20;18;853;729.22;'2023-06-08 05:44:02';1
254;6;16;10;933;726.8;'2023-06-08 05:44:02';1
255;3;26;21;828;915.09;'2023-06-08 05:44:02';1
256;5;28;5;87;200.35;'2023-06-08 05:44:02';1
257;6;13;1;298;353.51;'2023-06-08 05:44:02';1
258;2;25;7;543;187.04;'2023-06-08 05:44:02';1
259;6;8;10;815;870.45;'2023-06-08 05:44:02';1
260;1;37;6;536;30.04;'2023-06-08 05:44:02';1
261;1;23;4;790;982.59;'2023-06-08 05:44:02';1
262;3;29;11;327;664.21;'2023-06-08 05:44:02';1
263;1;23;20;975;245.7;'2023-06-08 05:44:02';1
264;2;33;25;982;548.39;'2023-06-08 05:44:02';1
265;4;27;22;782;629.14;'2023-06-08 05:44:02';1
266;6;10;19;630;527.69;'2023-06-08 05:44:02';1
267;6;5;16;233;803.22;'2023-06-08 05:44:02';1
268;6;6;16;901;873.29;'2023-06-08 05:44:02';1
269;1;24;9;891;726.52;'2023-06-08 05:44:02';1
270;1;31;22;300;779.27;'2023-06-08 05:44:02';1
271;2;40;29;818;508.23;'2023-06-08 05:44:02';1
272;1;40;30;392;742.01;'2023-06-08 05:44:02';1
273;4;30;29;109;482.66;'2023-06-08 05:44:02';1
274;2;1;12;691;853;'2023-06-08 05:44:02';1
275;5;29;20;366;364.04;'2023-06-08 05:44:02';1
276;2;30;3;850;904.65;'2023-06-08 05:44:02';1
277;1;25;24;409;2.27;'2023-06-08 05:44:02';1
278;1;33;22;735;389.31;'2023-06-08 05:44:02';1
279;6;3;8;250;187.2;'2023-06-08 05:44:02';1
280;3;37;23;407;134.99;'2023-06-08 05:44:02';1
281;3;33;16;178;152.71;'2023-06-08 05:44:02';1
282;2;35;1;311;848.16;'2023-06-08 05:44:02';1
283;6;9;13;574;418.91;'2023-06-08 05:44:02';1
284;2;24;2;195;610.98;'2023-06-08 05:44:02';1
285;6;18;29;423;957.96;'2023-06-08 05:44:02';1
286;6;3;18;579;827.64;'2023-06-08 05:44:02';1
287;2;30;24;207;118.89;'2023-06-08 05:44:02';1
288;6;2;8;775;420.14;'2023-06-08 05:44:02';1
289;2;28;21;425;615.56;'2023-06-08 05:44:02';1
290;5;36;11;548;215.5;'2023-06-08 05:44:02';1
291;3;33;14;970;752;'2023-06-08 05:44:02';1
292;6;2;5;855;135.76;'2023-06-08 05:44:02';1
293;6;9;5;654;258.32;'2023-06-08 05:44:02';1
294;6;7;19;78;80.71;'2023-06-08 05:44:02';1
295;4;29;3;144;209.56;'2023-06-08 05:44:02';1
296;1;28;20;552;795.76;'2023-06-08 05:44:02';1
297;2;32;3;107;517.14;'2023-06-08 05:44:02';1
298;6;12;17;572;647.6;'2023-06-08 05:44:02';1
299;6;22;15;111;463.16;'2023-06-08 05:44:02';1
300;2;39;14;945;629.62;'2023-06-08 05:44:02';1
301;2;35;28;274;426.55;'2023-06-08 05:44:02';1
302;5;33;26;437;326.48;'2023-06-08 05:44:02';1
303;2;25;30;333;163.77;'2023-06-08 05:44:02';1
304;1;37;29;408;165.03;'2023-06-08 05:44:02';1
305;6;15;19;221;800.32;'2023-06-08 05:44:02';1
306;6;12;2;745;728.22;'2023-06-08 05:44:02';1
307;6;9;16;669;47.08;'2023-06-08 05:44:02';1
308;6;7;2;627;797.58;'2023-06-08 05:44:02';1
309;6;16;15;808;453.44;'2023-06-08 05:44:02';1
310;6;11;4;295;980.33;'2023-06-08 05:44:02';1
311;6;4;3;868;123.68;'2023-06-08 05:44:02';1
312;4;28;2;331;722.32;'2023-06-08 05:44:02';1
313;1;23;25;418;104.31;'2023-06-08 05:44:02';1
314;6;7;17;420;778.45;'2023-06-08 05:44:02';1
315;6;8;12;376;831.64;'2023-06-08 05:44:02';1
316;4;32;24;772;496.88;'2023-06-08 05:44:02';1
317;6;18;20;872;668.33;'2023-06-08 05:44:02';1
318;6;11;28;528;999.16;'2023-06-08 05:44:02';1
319;6;18;14;121;907.85;'2023-06-08 05:44:02';1
320;1;36;16;953;314.39;'2023-06-08 05:44:02';1
321;6;11;20;683;73.67;'2023-06-08 05:44:02';1
322;6;4;12;837;96.78;'2023-06-08 05:44:02';1
323;6;13;3;569;609.12;'2023-06-08 05:44:02';1
324;1;31;22;214;305.88;'2023-06-08 05:44:02';1
325;2;34;14;799;4.16;'2023-06-08 05:44:02';1
326;1;40;27;462;47.08;'2023-06-08 05:44:02';1
327;3;37;1;491;850.88;'2023-06-08 05:44:02';1
328;6;17;16;744;321.38;'2023-06-08 05:44:02';1
329;1;23;26;432;933.32;'2023-06-08 05:44:02';1
330;2;37;22;384;163.61;'2023-06-08 05:44:02';1
331;6;8;5;329;640.1;'2023-06-08 05:44:02';1
332;4;32;26;84;317.29;'2023-06-08 05:44:02';1
333;6;16;9;525;827.76;'2023-06-08 05:44:02';1
334;6;6;7;424;879.16;'2023-06-08 05:44:02';1
335;4;30;22;163;208.97;'2023-06-08 05:44:02';1
336;1;34;16;676;891.51;'2023-06-08 05:44:02';1
337;6;7;7;131;45.75;'2023-06-08 05:44:02';1
338;6;7;27;546;188.97;'2023-06-08 05:44:02';1
339;6;6;28;687;406.07;'2023-06-08 05:44:02';1
340;6;4;2;376;260.87;'2023-06-08 05:44:02';1
341;1;23;12;334;441.52;'2023-06-08 05:44:02';1
342;6;2;10;142;882.63;'2023-06-08 05:44:02';1
343;2;31;11;132;995.5;'2023-06-08 05:44:02';1
344;6;17;21;695;802.28;'2023-06-08 05:44:02';1
345;1;1;11;666;121.91;'2023-06-08 05:44:02';1
346;6;17;21;641;298.84;'2023-06-08 05:44:02';1
347;1;36;22;946;269.3;'2023-06-08 05:44:02';1
348;6;15;11;980;331.6;'2023-06-08 05:44:02';1
349;6;22;21;166;359.16;'2023-06-08 05:44:02';1
350;6;4;15;588;590.21;'2023-06-08 05:44:02';1
351;6;22;22;647;461.33;'2023-06-08 05:44:02';1
352;3;30;2;602;821.62;'2023-06-08 05:44:02';1
353;6;21;9;886;784.84;'2023-06-08 05:44:02';1
354;6;16;3;219;349.3;'2023-06-08 05:44:02';1
355;6;9;2;170;997.28;'2023-06-08 05:44:02';1
356;6;21;3;762;776.48;'2023-06-08 05:44:02';1
357;3;29;22;608;243.55;'2023-06-08 05:44:02';1
358;6;4;25;170;268.3;'2023-06-08 05:44:02';1
359;6;7;15;83;80.12;'2023-06-08 05:44:02';1
360;5;32;3;405;630.79;'2023-06-08 05:44:02';1
361;2;34;20;483;776.32;'2023-06-08 05:44:02';1
362;5;26;22;577;646.03;'2023-06-08 05:44:02';1
363;1;40;18;516;510.42;'2023-06-08 05:44:02';1
364;5;37;6;504;179.21;'2023-06-08 05:44:02';1
365;6;5;28;718;396.76;'2023-06-08 05:44:02';1
366;1;33;6;653;623.4;'2023-06-08 05:44:02';1
367;6;9;2;296;327.83;'2023-06-08 05:44:02';1
368;6;17;4;959;721.99;'2023-06-08 05:44:02';1
369;6;18;22;932;309.88;'2023-06-08 05:44:02';1
370;1;24;16;359;909.73;'2023-06-08 05:44:02';1
371;3;28;12;373;613.9;'2023-06-08 05:44:02';1
372;3;33;8;121;125.42;'2023-06-08 05:44:02';1
373;5;33;18;807;854.92;'2023-06-08 05:44:02';1
374;6;20;5;966;568.86;'2023-06-08 05:44:02';1
375;6;17;1;526;6.11;'2023-06-08 05:44:02';1
376;3;38;24;66;251.49;'2023-06-08 05:44:02';1
377;4;30;21;167;445.47;'2023-06-08 05:44:02';1
378;2;37;22;154;392.84;'2023-06-08 05:44:02';1
379;1;35;23;346;845.96;'2023-06-08 05:44:02';1
380;6;11;18;931;654.96;'2023-06-08 05:44:02';1
381;6;22;23;606;99.2;'2023-06-08 05:44:02';1
382;3;26;27;23;543.89;'2023-06-08 05:44:02';1
383;6;9;7;48;216.49;'2023-06-08 05:44:02';1
384;6;7;21;821;907.44;'2023-06-08 05:44:02';1
385;6;16;14;119;113.49;'2023-06-08 05:44:02';1
386;2;34;30;379;890.86;'2023-06-08 05:44:02';1
387;5;32;9;235;401.39;'2023-06-08 05:44:02';1
388;6;17;24;264;456.25;'2023-06-08 05:44:02';1
389;6;10;13;525;178.87;'2023-06-08 05:44:02';1
390;2;35;15;997;424.33;'2023-06-08 05:44:02';1
391;1;23;5;400;755.58;'2023-06-08 05:44:02';1
392;5;38;27;933;19.12;'2023-06-08 05:44:02';1
393;6;17;9;748;68.39;'2023-06-08 05:44:02';1
394;6;13;26;308;355.13;'2023-06-08 05:44:02';1
395;6;14;19;720;947.3;'2023-06-08 05:44:02';1
396;1;30;22;861;953.82;'2023-06-08 05:44:02';1
397;2;24;2;386;742.56;'2023-06-08 05:44:02';1
398;1;29;30;940;491.54;'2023-06-08 05:44:02';1
399;6;20;4;798;486.52;'2023-06-08 05:44:02';1
400;6;12;20;156;97.29;'2023-06-08 05:44:02';1
401;6;8;20;417;359.2;'2023-06-08 05:44:02';1
402;2;39;18;799;576;'2023-06-08 05:44:02';1
403;4;27;30;377;222.64;'2023-06-08 05:44:02';1
404;6;8;22;938;710.9;'2023-06-08 05:44:02';1
405;2;24;27;29;523.07;'2023-06-08 05:44:02';1
406;1;26;8;798;817.49;'2023-06-08 05:44:02';1
407;6;5;21;33;169.16;'2023-06-08 05:44:02';1
408;3;29;28;155;463.1;'2023-06-08 05:44:02';1
409;6;16;9;215;226.29;'2023-06-08 05:44:02';1
410;4;27;11;38;622.38;'2023-06-08 05:44:02';1
411;3;38;6;670;321.79;'2023-06-08 05:44:02';1
412;6;7;3;338;58.79;'2023-06-08 05:44:02';1
413;1;35;2;416;834.27;'2023-06-08 05:44:02';1
414;1;25;27;616;725.12;'2023-06-08 05:44:02';1
415;1;35;25;879;309.72;'2023-06-08 05:44:02';1
416;6;14;8;401;155.3;'2023-06-08 05:44:02';1
417;6;2;9;25;179.85;'2023-06-08 05:44:02';1
418;4;33;22;853;743.52;'2023-06-08 05:44:02';1
419;6;4;11;168;405.84;'2023-06-08 05:44:02';1
420;6;3;17;750;396.49;'2023-06-08 05:44:02';1
421;6;21;22;175;277.61;'2023-06-08 05:44:02';1
422;6;15;4;281;150.7;'2023-06-08 05:44:02';1
423;2;40;21;340;392.06;'2023-06-08 05:44:02';1
424;6;16;12;537;258.12;'2023-06-08 05:44:02';1
425;6;6;28;967;631.14;'2023-06-08 05:44:02';1
426;6;21;11;823;138.72;'2023-06-08 05:44:02';1
427;6;21;27;254;336.79;'2023-06-08 05:44:02';1
428;6;8;28;78;925.48;'2023-06-08 05:44:02';1
429;3;27;15;156;723.47;'2023-06-08 05:44:02';1
430;4;26;12;294;292.72;'2023-06-08 05:44:02';1
431;6;17;12;357;563.64;'2023-06-08 05:44:02';1
432;6;7;6;346;149.56;'2023-06-08 05:44:02';1
433;6;5;19;274;524.26;'2023-06-08 05:44:02';1
434;6;17;16;572;518.02;'2023-06-08 05:44:02';1
435;6;9;16;959;148.9;'2023-06-08 05:44:02';1
436;6;9;11;220;530.11;'2023-06-08 05:44:02';1
437;6;9;21;707;622.6;'2023-06-08 05:44:02';1
438;1;27;9;852;654.33;'2023-06-08 05:44:02';1
439;4;33;22;535;516.72;'2023-06-08 05:44:02';1
440;3;36;7;248;928.29;'2023-06-08 05:44:02';1
441;6;21;27;188;643.52;'2023-06-08 05:44:02';1
442;6;16;15;63;519.26;'2023-06-08 05:44:02';1
443;6;4;21;739;765.5;'2023-06-08 05:44:02';1
444;2;35;18;403;453.72;'2023-06-08 05:44:02';1
445;2;24;20;226;906.44;'2023-06-08 05:44:02';1
446;6;9;19;330;456.3;'2023-06-08 05:44:02';1
447;6;7;26;143;512.8;'2023-06-08 05:44:02';1
448;4;33;22;682;472.47;'2023-06-08 05:44:02';1
449;1;28;8;819;764.79;'2023-06-08 05:44:02';1
450;2;40;9;838;890.58;'2023-06-08 05:44:02';1
451;6;10;5;864;191.71;'2023-06-08 05:44:02';1
452;1;32;29;286;28.55;'2023-06-08 05:44:02';1
453;6;16;17;845;754.57;'2023-06-08 05:44:02';1
454;2;24;20;631;948.55;'2023-06-08 05:44:02';1
455;6;19;4;179;92.14;'2023-06-08 05:44:02';1
456;1;38;14;274;540.73;'2023-06-08 05:44:02';1
457;1;35;10;627;438.06;'2023-06-08 05:44:02';1
458;6;18;24;463;180.85;'2023-06-08 05:44:02';1
459;2;40;13;529;224.89;'2023-06-08 05:44:02';1
460;1;25;20;81;727.49;'2023-06-08 05:44:02';1
461;6;11;9;474;181.22;'2023-06-08 05:44:02';1
462;6;10;10;751;127;'2023-06-08 05:44:02';1
463;6;7;1;282;13.7;'2023-06-08 05:44:02';1
464;1;34;11;824;178.26;'2023-06-08 05:44:02';1
465;5;26;26;792;307.33;'2023-06-08 05:44:02';1
466;2;40;30;10;96.22;'2023-06-08 05:44:02';1
467;2;37;26;446;294.54;'2023-06-08 05:44:02';1
468;5;33;30;664;104.69;'2023-06-08 05:44:02';1
469;4;26;25;299;847.63;'2023-06-08 05:44:02';1
470;6;9;11;924;99.93;'2023-06-08 05:44:02';1
471;3;27;19;969;582.05;'2023-06-08 05:44:02';1
472;6;7;15;414;716.63;'2023-06-08 05:44:02';1
473;6;21;14;530;33.97;'2023-06-08 05:44:02';1
474;5;38;1;726;704.25;'2023-06-08 05:44:02';1
475;6;6;7;915;942.62;'2023-06-08 05:44:02';1
476;3;26;5;687;637.85;'2023-06-08 05:44:02';1
477;6;21;30;113;943.48;'2023-06-08 05:44:02';1
478;4;29;19;530;854.93;'2023-06-08 05:44:02';1
479;6;17;9;231;200.28;'2023-06-08 05:44:02';1
480;6;9;30;840;777.45;'2023-06-08 05:44:02';1
481;5;26;6;320;839.6;'2023-06-08 05:44:02';1
482;4;31;5;667;255.75;'2023-06-08 05:44:02';1
483;6;13;3;165;628.47;'2023-06-08 05:44:02';1
484;6;20;24;419;202.48;'2023-06-08 05:44:02';1
485;6;11;5;843;901.58;'2023-06-08 05:44:02';1
486;6;6;15;243;719.11;'2023-06-08 05:44:02';1
487;6;13;12;906;596.55;'2023-06-08 05:44:02';1
488;1;1;26;698;651.97;'2023-06-08 05:44:02';1
489;6;6;14;860;880.33;'2023-06-08 05:44:02';1
490;5;26;27;540;49.68;'2023-06-08 05:44:02';1
491;6;17;1;961;745.01;'2023-06-08 05:44:02';1
492;3;36;9;168;477.31;'2023-06-08 05:44:02';1
493;1;39;9;134;775.14;'2023-06-08 05:44:02';1
494;6;9;22;64;678.04;'2023-06-08 05:44:02';1
495;6;16;13;686;362.12;'2023-06-08 05:44:02';1
496;6;14;18;901;310.2;'2023-06-08 05:44:02';1
497;1;36;12;540;439.11;'2023-06-08 05:44:02';1
498;6;18;18;260;466.72;'2023-06-08 05:44:02';1
499;3;31;26;697;620.54;'2023-06-08 05:44:02';1
500;4;32;20;670;739.2;'2023-06-08 05:44:02';1
501;6;14;4;554;294.41;'2023-06-08 05:44:02';1
502;2;23;27;647;10.63;'2023-06-08 05:44:02';1
503;2;24;5;126;333.13;'2023-06-08 05:44:02';1
504;1;1;15;466;538.36;'2023-06-08 05:44:02';1
505;5;38;15;719;595.99;'2023-06-08 05:44:02';1
506;6;14;11;407;204.43;'2023-06-08 05:44:02';1
507;6;14;2;469;203.87;'2023-06-08 05:44:02';1
508;1;33;24;451;548.35;'2023-06-08 05:44:02';1
509;1;39;17;706;895.12;'2023-06-08 05:44:02';1
510;6;13;15;198;192.77;'2023-06-08 05:44:02';1
511;6;13;23;965;987.45;'2023-06-08 05:44:02';1
512;2;35;30;75;445.9;'2023-06-08 05:44:02';1
513;2;34;24;278;51.56;'2023-06-08 05:44:02';1
514;6;4;18;7;716.75;'2023-06-08 05:44:02';1
515;6;3;15;257;860.3;'2023-06-08 05:44:02';1
516;6;18;21;641;678.39;'2023-06-08 05:44:02';1
517;1;24;27;609;128.13;'2023-06-08 05:44:02';1
518;6;14;14;566;286.58;'2023-06-08 05:44:02';1
519;1;27;9;620;542.34;'2023-06-08 05:44:02';1
520;1;39;28;916;133.56;'2023-06-08 05:44:02';1
521;6;21;5;958;399.96;'2023-06-08 05:44:02';1
522;6;6;11;998;586.66;'2023-06-08 05:44:02';1
523;6;2;24;291;421.49;'2023-06-08 05:44:02';1
524;1;27;30;347;393.47;'2023-06-08 05:44:02';1
525;6;10;5;129;468.54;'2023-06-08 05:44:02';1
526;6;2;22;845;931.49;'2023-06-08 05:44:02';1
527;6;20;18;520;889.37;'2023-06-08 05:44:02';1
528;6;2;7;652;635.47;'2023-06-08 05:44:02';1
529;4;32;14;175;500.07;'2023-06-08 05:44:02';1
530;6;16;24;102;849.37;'2023-06-08 05:44:02';1
531;6;18;13;119;640.18;'2023-06-08 05:44:02';1
532;3;29;28;356;302.4;'2023-06-08 05:44:02';1
533;3;36;17;939;296.22;'2023-06-08 05:44:02';1
534;2;28;23;793;695.18;'2023-06-08 05:44:02';1
535;1;39;19;434;818.04;'2023-06-08 05:44:02';1
536;6;6;13;295;892.78;'2023-06-08 05:44:02';1
537;2;33;5;487;725.87;'2023-06-08 05:44:02';1
538;6;20;18;918;961.02;'2023-06-08 05:44:02';1
539;6;19;1;842;818.35;'2023-06-08 05:44:02';1
540;6;15;4;936;352.89;'2023-06-08 05:44:02';1
541;6;16;29;618;458.31;'2023-06-08 05:44:02';1
542;6;19;3;635;418.33;'2023-06-08 05:44:02';1
543;6;8;23;203;855.29;'2023-06-08 05:44:02';1
544;2;31;14;15;610.61;'2023-06-08 05:44:02';1
545;6;5;6;454;870.98;'2023-06-08 05:44:02';1
546;2;23;28;748;891.3;'2023-06-08 05:44:02';1
547;6;5;1;995;417.69;'2023-06-08 05:44:02';1
548;6;22;7;206;604.1;'2023-06-08 05:44:02';1
549;5;29;22;64;563.41;'2023-06-08 05:44:02';1
550;2;39;6;804;947.62;'2023-06-08 05:44:02';1
551;6;15;19;435;696.09;'2023-06-08 05:44:02';1
552;6;7;9;740;767.05;'2023-06-08 05:44:02';1
553;6;22;30;141;517.38;'2023-06-08 05:44:02';1
554;1;24;22;321;769.96;'2023-06-08 05:44:02';1
555;2;35;6;187;68.83;'2023-06-08 05:44:02';1
556;5;27;26;716;871.62;'2023-06-08 05:44:02';1
557;1;32;10;153;927.03;'2023-06-08 05:44:02';1
558;3;28;28;436;721.2;'2023-06-08 05:44:02';1
559;2;26;7;512;157.49;'2023-06-08 05:44:02';1
560;2;37;29;171;223.96;'2023-06-08 05:44:02';1
561;5;28;6;597;962.5;'2023-06-08 05:44:02';1
562;6;5;23;594;464.47;'2023-06-08 05:44:02';1
563;2;24;27;265;355.18;'2023-06-08 05:44:02';1
564;6;5;13;810;401.36;'2023-06-08 05:44:02';1
565;6;2;1;174;888.06;'2023-06-08 05:44:02';1
566;1;40;4;887;316.92;'2023-06-08 05:44:02';1
567;6;3;29;743;467.96;'2023-06-08 05:44:02';1
568;6;14;14;204;466.58;'2023-06-08 05:44:02';1
569;6;8;9;90;675.34;'2023-06-08 05:44:02';1
570;6;17;22;723;308.66;'2023-06-08 05:44:02';1
571;1;33;29;985;284.84;'2023-06-08 05:44:02';1
572;6;20;13;645;208.53;'2023-06-08 05:44:02';1
573;1;1;7;547;906.14;'2023-06-08 05:44:02';1
574;2;24;5;770;162.39;'2023-06-08 05:44:02';1
575;5;32;25;12;555.47;'2023-06-08 05:44:02';1
576;1;30;30;137;868.35;'2023-06-08 05:44:02';1
577;6;17;10;128;582.73;'2023-06-08 05:44:02';1
578;6;16;25;307;660.59;'2023-06-08 05:44:02';1
579;1;36;19;921;434.98;'2023-06-08 05:44:02';1
580;4;29;17;926;764;'2023-06-08 05:44:02';1
581;6;17;2;693;593.49;'2023-06-08 05:44:02';1
582;6;11;10;262;478.98;'2023-06-08 05:44:02';1
583;6;8;12;222;998.7;'2023-06-08 05:44:02';1
584;6;17;27;678;178.46;'2023-06-08 05:44:02';1
585;6;7;19;619;573.08;'2023-06-08 05:44:02';1
586;6;13;27;524;245.47;'2023-06-08 05:44:02';1
587;1;1;28;984;127.87;'2023-06-08 05:44:02';1
588;6;18;21;303;136.72;'2023-06-08 05:44:02';1
589;6;7;9;648;526.02;'2023-06-08 05:44:02';1
590;1;34;28;53;276.84;'2023-06-08 05:44:02';1
591;6;22;23;444;54.64;'2023-06-08 05:44:02';1
592;3;36;14;886;665.96;'2023-06-08 05:44:02';1
593;2;34;3;538;180.57;'2023-06-08 05:44:02';1
594;6;6;20;232;413.9;'2023-06-08 05:44:02';1
595;4;27;15;911;25.92;'2023-06-08 05:44:02';1
596;6;10;19;533;119.76;'2023-06-08 05:44:02';1
597;6;15;22;252;469.57;'2023-06-08 05:44:02';1
598;6;16;3;462;562.29;'2023-06-08 05:44:02';1
599;6;3;28;372;691.75;'2023-06-08 05:44:02';1
600;2;27;3;466;341.01;'2023-06-08 05:44:02';1
601;2;31;4;963;338.17;'2023-06-08 05:44:02';1
602;1;27;26;254;728.89;'2023-06-08 05:44:02';1
603;6;9;1;983;640.88;'2023-06-08 05:44:02';1
604;6;6;4;648;113.66;'2023-06-08 05:44:02';1
605;6;11;13;800;626.22;'2023-06-08 05:44:02';1
606;6;3;26;625;444.48;'2023-06-08 05:44:02';1
607;6;17;18;319;188.4;'2023-06-08 05:44:02';1
608;2;31;10;783;832.07;'2023-06-08 05:44:02';1
609;6;9;11;939;666.48;'2023-06-08 05:44:02';1
610;6;18;18;996;772.9;'2023-06-08 05:44:02';1
611;2;31;9;627;518.31;'2023-06-08 05:44:02';1
612;6;11;28;875;626.18;'2023-06-08 05:44:02';1
613;6;10;2;358;939.59;'2023-06-08 05:44:02';1
614;2;35;4;382;339.3;'2023-06-08 05:44:02';1
615;1;34;10;307;63.94;'2023-06-08 05:44:02';1
616;2;26;28;980;838.47;'2023-06-08 05:44:02';1
617;6;13;2;62;556.61;'2023-06-08 05:44:02';1
618;1;34;3;677;552.12;'2023-06-08 05:44:02';1
619;6;8;17;926;719.5;'2023-06-08 05:44:02';1
620;5;38;11;832;743.95;'2023-06-08 05:44:02';1
621;4;31;11;767;201.62;'2023-06-08 05:44:02';1
622;2;25;29;766;256.1;'2023-06-08 05:44:02';1
623;6;6;29;410;467.52;'2023-06-08 05:44:02';1
624;1;40;20;282;160.37;'2023-06-08 05:44:02';1
625;4;30;26;33;682.54;'2023-06-08 05:44:02';1
626;6;17;18;469;983.47;'2023-06-08 05:44:02';1
627;6;13;8;227;627.82;'2023-06-08 05:44:02';1
628;1;38;7;112;233.18;'2023-06-08 05:44:02';1
629;2;29;2;210;134.54;'2023-06-08 05:44:02';1
630;6;14;27;365;550.74;'2023-06-08 05:44:02';1
631;6;15;2;13;220.38;'2023-06-08 05:44:02';1
632;3;30;22;69;419.51;'2023-06-08 05:44:02';1
633;1;25;23;925;205.17;'2023-06-08 05:44:02';1
634;6;16;2;394;227.18;'2023-06-08 05:44:02';1
635;6;18;17;124;100.06;'2023-06-08 05:44:02';1
636;2;25;1;639;73.82;'2023-06-08 05:44:02';1
637;6;7;6;883;378.45;'2023-06-08 05:44:02';1
638;6;15;2;351;564.89;'2023-06-08 05:44:02';1
639;6;5;17;993;192.89;'2023-06-08 05:44:02';1
640;2;29;18;920;709.93;'2023-06-08 05:44:02';1
641;6;14;4;113;231.15;'2023-06-08 05:44:02';1
642;2;1;16;996;388.7;'2023-06-08 05:44:02';1
643;6;17;28;526;154.16;'2023-06-08 05:44:02';1
644;3;37;20;777;137.33;'2023-06-08 05:44:02';1
645;4;32;26;429;762.45;'2023-06-08 05:44:02';1
646;6;11;14;157;25.85;'2023-06-08 05:44:02';1
647;2;40;8;261;86.96;'2023-06-08 05:44:02';1
648;6;9;29;606;463.34;'2023-06-08 05:44:02';1
649;6;20;18;935;449.25;'2023-06-08 05:44:02';1
650;1;39;11;694;104.69;'2023-06-08 05:44:02';1
651;6;20;22;913;895.51;'2023-06-08 05:44:02';1
652;2;29;4;190;812.3;'2023-06-08 05:44:02';1
653;1;29;19;921;453.08;'2023-06-08 05:44:02';1
654;6;6;11;407;156.64;'2023-06-08 05:44:02';1
655;6;11;23;916;181.61;'2023-06-08 05:44:02';1
656;3;31;16;248;828.32;'2023-06-08 05:44:02';1
657;6;11;30;395;795.61;'2023-06-08 05:44:02';1
658;6;4;2;182;760.7;'2023-06-08 05:44:02';1
659;4;26;11;834;698.55;'2023-06-08 05:44:02';1
660;6;12;3;598;873.05;'2023-06-08 05:44:02';1
661;6;8;16;327;173.3;'2023-06-08 05:44:02';1
662;5;36;1;429;817.74;'2023-06-08 05:44:02';1
663;5;29;6;947;282.12;'2023-06-08 05:44:02';1
664;6;5;22;177;149.36;'2023-06-08 05:44:02';1
665;6;4;15;79;75.82;'2023-06-08 05:44:02';1
666;3;33;21;464;769.09;'2023-06-08 05:44:02';1
667;6;22;17;118;497.84;'2023-06-08 05:44:02';1
668;2;25;13;169;300.4;'2023-06-08 05:44:02';1
669;6;18;1;488;226.6;'2023-06-08 05:44:02';1
670;3;26;22;71;78.61;'2023-06-08 05:44:02';1
671;6;4;26;970;172.91;'2023-06-08 05:44:02';1
672;2;31;6;394;878.82;'2023-06-08 05:44:02';1
673;6;2;11;254;181.08;'2023-06-08 05:44:02';1
674;4;32;2;84;355.33;'2023-06-08 05:44:02';1
675;5;30;9;791;352.93;'2023-06-08 05:44:02';1
676;6;10;15;19;38.97;'2023-06-08 05:44:02';1
677;6;22;25;514;452.07;'2023-06-08 05:44:02';1
678;6;22;16;27;733.65;'2023-06-08 05:44:02';1
679;5;28;2;227;431.99;'2023-06-08 05:44:02';1
680;5;36;18;444;666.27;'2023-06-08 05:44:02';1
681;6;15;6;582;224.78;'2023-06-08 05:44:02';1
682;1;35;28;177;459.63;'2023-06-08 05:44:02';1
683;6;8;18;145;870.53;'2023-06-08 05:44:02';1
684;3;27;30;823;267.63;'2023-06-08 05:44:02';1
685;6;7;16;869;571.04;'2023-06-08 05:44:02';1
686;1;35;14;476;348.96;'2023-06-08 05:44:02';1
687;6;14;10;879;791.83;'2023-06-08 05:44:02';1
688;6;11;12;117;956.78;'2023-06-08 05:44:02';1
689;2;39;16;813;689.4;'2023-06-08 05:44:02';1
690;6;4;12;824;890.15;'2023-06-08 05:44:02';1
691;1;35;14;67;11.1;'2023-06-08 05:44:02';1
692;6;7;17;974;834.03;'2023-06-08 05:44:02';1
693;6;4;13;891;811.72;'2023-06-08 05:44:02';1
694;1;25;9;905;457.37;'2023-06-08 05:44:02';1
695;6;8;14;356;581.44;'2023-06-08 05:44:02';1
696;3;31;5;351;471.64;'2023-06-08 05:44:02';1
697;1;34;23;467;616.5;'2023-06-08 05:44:02';1
698;2;40;14;537;319.28;'2023-06-08 05:44:02';1
699;1;25;11;596;580.51;'2023-06-08 05:44:02';1
700;6;18;26;422;976.48;'2023-06-08 05:44:02';1
701;1;40;10;4;419.37;'2023-06-08 05:44:02';1
702;3;29;3;75;948.56;'2023-06-08 05:44:02';1
703;6;22;23;192;948.69;'2023-06-08 05:44:02';1
704;6;19;20;960;199.35;'2023-06-08 05:44:02';1
705;2;38;15;856;293.15;'2023-06-08 05:44:02';1
706;6;18;29;816;799.72;'2023-06-08 05:44:02';1
707;6;13;25;431;923.53;'2023-06-08 05:44:02';1
708;6;18;16;990;195.83;'2023-06-08 05:44:02';1
709;6;11;28;505;326.22;'2023-06-08 05:44:02';1
710;1;37;27;861;935.58;'2023-06-08 05:44:02';1
711;6;19;5;207;324.2;'2023-06-08 05:44:02';1
712;6;5;17;27;131.48;'2023-06-08 05:44:02';1
713;6;16;12;732;159.87;'2023-06-08 05:44:02';1
714;6;7;10;935;377.98;'2023-06-08 05:44:02';1
715;6;7;13;105;126.61;'2023-06-08 05:44:02';1
716;2;24;1;224;402.2;'2023-06-08 05:44:02';1
717;4;31;28;873;526.06;'2023-06-08 05:44:02';1
718;5;38;10;945;642.97;'2023-06-08 05:44:02';1
719;5;33;2;705;332.62;'2023-06-08 05:44:02';1
720;6;11;1;884;352.13;'2023-06-08 05:44:02';1
721;6;22;23;244;17.57;'2023-06-08 05:44:02';1
722;6;2;30;585;380.55;'2023-06-08 05:44:02';1
723;6;11;5;360;844.12;'2023-06-08 05:44:02';1
724;6;6;4;79;659.79;'2023-06-08 05:44:02';1
725;1;33;11;206;942.78;'2023-06-08 05:44:02';1
726;4;27;8;44;989.05;'2023-06-08 05:44:02';1
727;2;23;12;694;304.25;'2023-06-08 05:44:02';1
728;3;36;16;230;749.9;'2023-06-08 05:44:02';1
729;6;3;15;311;120.38;'2023-06-08 05:44:02';1
730;1;40;6;42;43.59;'2023-06-08 05:44:02';1
731;6;21;21;357;477.4;'2023-06-08 05:44:02';1
732;4;33;15;907;418.1;'2023-06-08 05:44:02';1
733;6;13;22;913;913.99;'2023-06-08 05:44:02';1
734;6;15;11;754;353.97;'2023-06-08 05:44:02';1
735;2;1;4;484;533.96;'2023-06-08 05:44:02';1
736;1;35;18;878;540.53;'2023-06-08 05:44:02';1
737;6;2;7;476;190.72;'2023-06-08 05:44:02';1
738;1;35;30;683;301.46;'2023-06-08 05:44:02';1
739;3;38;18;438;649;'2023-06-08 05:44:02';1
740;2;40;6;11;224.35;'2023-06-08 05:44:02';1
741;1;39;12;980;879.74;'2023-06-08 05:44:02';1
742;6;5;9;511;258.95;'2023-06-08 05:44:02';1
743;6;21;13;822;226.1;'2023-06-08 05:44:02';1
744;6;14;10;90;218.32;'2023-06-08 05:44:02';1
745;6;3;27;14;536.55;'2023-06-08 05:44:02';1
746;5;28;21;896;970.15;'2023-06-08 05:44:02';1
747;3;31;5;979;64.08;'2023-06-08 05:44:02';1
748;6;7;10;722;957.21;'2023-06-08 05:44:02';1
749;6;13;22;50;84.95;'2023-06-08 05:44:02';1
750;6;22;11;472;351.3;'2023-06-08 05:44:02';1
751;6;7;12;709;236.86;'2023-06-08 05:44:02';1
752;6;14;26;317;612.7;'2023-06-08 05:44:02';1
753;2;40;22;185;972.36;'2023-06-08 05:44:02';1
754;6;8;22;716;336.35;'2023-06-08 05:44:02';1
755;6;15;6;221;211.18;'2023-06-08 05:44:02';1
756;5;28;11;449;279.68;'2023-06-08 05:44:02';1
757;6;14;14;892;601.56;'2023-06-08 05:44:02';1
758;3;31;24;778;676.83;'2023-06-08 05:44:02';1
759;1;34;7;744;316.81;'2023-06-08 05:44:02';1
760;3;30;18;113;865.32;'2023-06-08 05:44:02';1
761;6;12;17;824;31.22;'2023-06-08 05:44:02';1
762;4;30;2;118;80.1;'2023-06-08 05:44:02';1
763;6;11;6;193;655.05;'2023-06-08 05:44:02';1
764;6;3;18;948;55.22;'2023-06-08 05:44:02';1
765;3;30;16;905;294.5;'2023-06-08 05:44:02';1
766;1;35;30;933;816.47;'2023-06-08 05:44:02';1
767;6;15;29;962;485.06;'2023-06-08 05:44:02';1
768;6;4;4;187;119.45;'2023-06-08 05:44:02';1
769;6;5;11;356;627.22;'2023-06-08 05:44:02';1
770;3;32;10;691;145.84;'2023-06-08 05:44:02';1
771;6;2;20;716;845.43;'2023-06-08 05:44:02';1
772;3;37;1;699;506.65;'2023-06-08 05:44:02';1
773;1;23;2;54;634.82;'2023-06-08 05:44:02';1
774;1;1;12;693;858.25;'2023-06-08 05:44:02';1
775;6;4;22;629;573.42;'2023-06-08 05:44:02';1
776;2;37;3;341;177.72;'2023-06-08 05:44:02';1
777;5;38;11;370;725.3;'2023-06-08 05:44:02';1
778;6;17;21;442;142.85;'2023-06-08 05:44:02';1
779;6;22;23;547;114.6;'2023-06-08 05:44:02';1
780;1;34;20;501;360.11;'2023-06-08 05:44:02';1
781;6;9;3;115;412.59;'2023-06-08 05:44:02';1
782;6;9;17;991;650.95;'2023-06-08 05:44:02';1
783;5;36;22;825;278.52;'2023-06-08 05:44:02';1
784;5;26;25;61;818.09;'2023-06-08 05:44:02';1
785;6;18;7;713;893.19;'2023-06-08 05:44:02';1
786;6;12;3;572;357.7;'2023-06-08 05:44:02';1
787;3;37;11;895;4.44;'2023-06-08 05:44:02';1
788;6;10;30;633;330.26;'2023-06-08 05:44:02';1
789;2;23;9;327;607.71;'2023-06-08 05:44:02';1
790;6;15;27;539;722.65;'2023-06-08 05:44:02';1
791;1;35;8;264;830.64;'2023-06-08 05:44:02';1
792;1;33;5;416;480.95;'2023-06-08 05:44:02';1
793;2;27;8;707;859.44;'2023-06-08 05:44:02';1
794;6;19;23;800;9.6;'2023-06-08 05:44:02';1
795;3;32;25;625;911.48;'2023-06-08 05:44:02';1
796;6;16;15;115;114.29;'2023-06-08 05:44:02';1
797;6;6;21;773;952.37;'2023-06-08 05:44:02';1
798;3;29;28;404;829.48;'2023-06-08 05:44:02';1
799;3;31;16;459;395.75;'2023-06-08 05:44:02';1
800;6;20;13;973;557.82;'2023-06-08 05:44:02';1
801;5;37;4;133;711.39;'2023-06-08 05:44:02';1
802;6;18;10;365;312.79;'2023-06-08 05:44:02';1
803;6;19;4;602;505.42;'2023-06-08 05:44:02';1
804;6;14;14;447;568.7;'2023-06-08 05:44:02';1
805;6;14;19;854;423.02;'2023-06-08 05:44:02';1
806;6;8;18;326;479.81;'2023-06-08 05:44:02';1
807;2;35;27;212;417.18;'2023-06-08 05:44:02';1
808;1;24;5;514;970.4;'2023-06-08 05:44:02';1
809;5;30;10;576;121.26;'2023-06-08 05:44:02';1
810;1;40;21;460;410.94;'2023-06-08 05:44:02';1
811;1;34;21;649;955.94;'2023-06-08 05:44:02';1
812;2;34;18;205;742.49;'2023-06-08 05:44:02';1
813;6;16;13;309;437.85;'2023-06-08 05:44:02';1
814;6;8;10;120;343.24;'2023-06-08 05:44:02';1
815;6;15;20;360;459.52;'2023-06-08 05:44:02';1
816;6;11;10;974;753.63;'2023-06-08 05:44:02';1
817;5;29;12;428;51.42;'2023-06-08 05:44:02';1
818;6;15;14;764;601.6;'2023-06-08 05:44:02';1
819;2;23;8;536;23.86;'2023-06-08 05:44:02';1
820;1;1;15;231;769.39;'2023-06-08 05:44:02';1
821;2;40;20;777;356.72;'2023-06-08 05:44:02';1
822;2;29;23;684;348.19;'2023-06-08 05:44:02';1
823;2;27;29;256;936.26;'2023-06-08 05:44:02';1
824;3;36;19;602;272.42;'2023-06-08 05:44:02';1
825;3;37;3;180;144.76;'2023-06-08 05:44:02';1
826;6;4;16;926;527.56;'2023-06-08 05:44:02';1
827;6;17;29;862;620.12;'2023-06-08 05:44:02';1
828;6;20;19;650;327.9;'2023-06-08 05:44:02';1
829;1;1;11;993;332.42;'2023-06-08 05:44:02';1
830;6;20;4;218;337.93;'2023-06-08 05:44:02';1
831;6;3;14;762;23.58;'2023-06-08 05:44:02';1
832;6;14;2;13;515.83;'2023-06-08 05:44:02';1
833;4;29;14;852;38.36;'2023-06-08 05:44:02';1
834;6;7;24;268;415.41;'2023-06-08 05:44:02';1
835;1;1;14;446;703.03;'2023-06-08 05:44:02';1
836;6;9;30;116;228.33;'2023-06-08 05:44:02';1
837;6;15;6;887;914.6;'2023-06-08 05:44:02';1
838;2;39;8;29;223.98;'2023-06-08 05:44:02';1
839;3;36;10;808;650.8;'2023-06-08 05:44:02';1
840;2;40;20;896;873.75;'2023-06-08 05:44:02';1
841;6;8;19;670;22.52;'2023-06-08 05:44:02';1
842;6;19;3;309;619.08;'2023-06-08 05:44:02';1
843;6;10;8;125;850.05;'2023-06-08 05:44:02';1
844;3;26;5;953;252.79;'2023-06-08 05:44:02';1
845;6;20;19;633;541.9;'2023-06-08 05:44:02';1
846;6;22;4;482;265.4;'2023-06-08 05:44:02';1
847;3;38;29;470;625.31;'2023-06-08 05:44:02';1
848;6;2;15;597;993.24;'2023-06-08 05:44:02';1
849;6;5;29;168;532.09;'2023-06-08 05:44:02';1
850;2;24;12;752;193.95;'2023-06-08 05:44:02';1
851;1;23;3;444;135.07;'2023-06-08 05:44:02';1
852;4;31;4;930;967.23;'2023-06-08 05:44:02';1
853;6;2;21;30;421.82;'2023-06-08 05:44:02';1
854;1;39;27;831;607.9;'2023-06-08 05:44:02';1
855;6;10;24;843;674.13;'2023-06-08 05:44:02';1
856;1;33;3;53;635.38;'2023-06-08 05:44:02';1
857;3;36;15;913;379.5;'2023-06-08 05:44:02';1
858;5;27;2;821;40;'2023-06-08 05:44:02';1
859;6;14;29;58;326.73;'2023-06-08 05:44:02';1
860;6;15;4;683;59.47;'2023-06-08 05:44:02';1
861;6;12;16;244;391.54;'2023-06-08 05:44:02';1
862;6;12;9;346;703.33;'2023-06-08 05:44:02';1
863;6;2;23;51;485.43;'2023-06-08 05:44:02';1
864;1;28;7;377;57.88;'2023-06-08 05:44:02';1
865;6;17;27;668;352.56;'2023-06-08 05:44:02';1
866;2;35;12;837;558.32;'2023-06-08 05:44:02';1
867;6;22;20;970;256.17;'2023-06-08 05:44:02';1
868;3;36;13;411;876.52;'2023-06-08 05:44:02';1
869;3;36;16;577;310.65;'2023-06-08 05:44:02';1
870;4;27;11;112;902.13;'2023-06-08 05:44:02';1
871;4;28;22;336;542.75;'2023-06-08 05:44:02';1
872;6;11;26;594;806.72;'2023-06-08 05:44:02';1
873;6;17;17;219;490.1;'2023-06-08 05:44:02';1
874;5;36;17;554;393.02;'2023-06-08 05:44:02';1
875;6;16;17;105;20.68;'2023-06-08 05:44:02';1
876;6;14;25;715;488.89;'2023-06-08 05:44:02';1
877;6;8;7;235;835.28;'2023-06-08 05:44:02';1
878;4;29;25;909;687.73;'2023-06-08 05:44:02';1
879;1;37;13;961;963.74;'2023-06-08 05:44:02';1
880;6;4;26;282;809.55;'2023-06-08 05:44:02';1
881;2;26;15;945;476.04;'2023-06-08 05:44:02';1
882;2;34;6;572;482.78;'2023-06-08 05:44:02';1
883;6;6;28;267;334.91;'2023-06-08 05:44:02';1
884;4;31;5;293;49.75;'2023-06-08 05:44:02';1
885;1;35;13;652;875.91;'2023-06-08 05:44:02';1
886;6;10;7;458;999.94;'2023-06-08 05:44:02';1
887;2;39;6;89;272.36;'2023-06-08 05:44:02';1
888;1;40;18;562;886.52;'2023-06-08 05:44:02';1
889;2;30;4;152;849.51;'2023-06-08 05:44:02';1
890;6;11;14;408;448.12;'2023-06-08 05:44:02';1
891;6;2;22;597;492.23;'2023-06-08 05:44:02';1
892;6;6;3;869;6.51;'2023-06-08 05:44:02';1
893;6;17;25;379;964.63;'2023-06-08 05:44:02';1
894;1;26;17;624;978.49;'2023-06-08 05:44:02';1
895;1;25;3;664;515.99;'2023-06-08 05:44:02';1
896;6;17;24;446;593.73;'2023-06-08 05:44:02';1
897;6;9;6;959;500.67;'2023-06-08 05:44:02';1
898;6;7;25;614;503.81;'2023-06-08 05:44:02';1
899;6;19;29;197;868.59;'2023-06-08 05:44:02';1
900;2;38;28;859;943.92;'2023-06-08 05:44:02';1
901;3;27;23;192;933.65;'2023-06-08 05:44:02';1
902;6;12;14;901;316.27;'2023-06-08 05:44:02';1
903;4;33;9;885;677.21;'2023-06-08 05:44:02';1
904;6;19;7;53;81.77;'2023-06-08 05:44:02';1
905;1;31;8;30;705.26;'2023-06-08 05:44:02';1
906;3;27;22;587;616.89;'2023-06-08 05:44:02';1
907;5;31;25;756;477.98;'2023-06-08 05:44:02';1
908;6;22;20;604;912.03;'2023-06-08 05:44:02';1
909;6;13;8;558;750.88;'2023-06-08 05:44:02';1
910;6;9;18;189;945.76;'2023-06-08 05:44:02';1
911;1;39;7;314;412.52;'2023-06-08 05:44:02';1
912;3;38;10;939;313.13;'2023-06-08 05:44:02';1
913;6;9;22;69;463.14;'2023-06-08 05:44:02';1
914;1;26;13;947;441.54;'2023-06-08 05:44:02';1
915;6;6;9;20;383.15;'2023-06-08 05:44:02';1
916;6;10;19;621;641.15;'2023-06-08 05:44:02';1
917;2;37;17;394;937.65;'2023-06-08 05:44:02';1
918;6;4;26;364;663.24;'2023-06-08 05:44:02';1
919;2;30;8;897;233.74;'2023-06-08 05:44:02';1
920;6;21;18;360;641.1;'2023-06-08 05:44:02';1
921;6;7;9;105;299;'2023-06-08 05:44:02';1
922;2;35;3;533;268.92;'2023-06-08 05:44:02';1
923;6;20;2;791;351.83;'2023-06-08 05:44:02';1
924;3;37;2;350;569.76;'2023-06-08 05:44:02';1
925;6;2;10;850;732.42;'2023-06-08 05:44:02';1
926;6;3;16;719;102.35;'2023-06-08 05:44:02';1
927;6;2;15;366;905.67;'2023-06-08 05:44:02';1
928;4;27;26;729;400.62;'2023-06-08 05:44:02';1
929;6;12;4;692;491.68;'2023-06-08 05:44:02';1
930;6;2;9;897;848.14;'2023-06-08 05:44:02';1
931;6;18;14;855;470.99;'2023-06-08 05:44:02';1
932;3;36;22;750;762.17;'2023-06-08 05:44:02';1
933;1;32;21;583;729.5;'2023-06-08 05:44:02';1
934;6;9;26;400;559.17;'2023-06-08 05:44:02';1
935;3;31;8;935;398.98;'2023-06-08 05:44:02';1
936;6;4;4;898;43.71;'2023-06-08 05:44:02';1
937;2;35;8;138;894.36;'2023-06-08 05:44:02';1
938;5;31;21;839;194.07;'2023-06-08 05:44:02';1
939;6;7;21;14;403.74;'2023-06-08 05:44:02';1
940;6;11;22;671;483.57;'2023-06-08 05:44:02';1
941;6;4;27;4;590.37;'2023-06-08 05:44:02';1
942;6;11;25;245;869.58;'2023-06-08 05:44:02';1
943;1;25;25;429;305;'2023-06-08 05:44:02';1
944;6;14;30;465;674.64;'2023-06-08 05:44:02';1
945;6;8;3;316;100.47;'2023-06-08 05:44:02';1
946;1;36;8;361;858.05;'2023-06-08 05:44:02';1
947;6;17;30;974;75.37;'2023-06-08 05:44:02';1
948;6;10;12;961;189.84;'2023-06-08 05:44:02';1
949;6;13;3;921;840.78;'2023-06-08 05:44:02';1
950;2;23;6;408;881.25;'2023-06-08 05:44:02';1
951;3;37;5;61;6.23;'2023-06-08 05:44:02';1
952;6;19;29;452;166.89;'2023-06-08 05:44:02';1
953;6;21;26;869;727.09;'2023-06-08 05:44:02';1
954;5;33;1;573;411.89;'2023-06-08 05:44:02';1
955;6;10;8;738;551.41;'2023-06-08 05:44:02';1
956;6;19;29;940;341.03;'2023-06-08 05:44:02';1
957;6;4;4;630;522.91;'2023-06-08 05:44:02';1
958;2;1;2;668;355.14;'2023-06-08 05:44:02';1
959;6;5;5;841;43.05;'2023-06-08 05:44:02';1
960;6;21;11;506;712.96;'2023-06-08 05:44:02';1
961;3;30;19;724;152.67;'2023-06-08 05:44:02';1
962;6;2;15;944;556.77;'2023-06-08 05:44:02';1
963;6;16;28;441;602.64;'2023-06-08 05:44:02';1
964;1;23;8;968;77.02;'2023-06-08 05:44:02';1
965;6;10;18;443;101.18;'2023-06-08 05:44:02';1
966;2;33;9;900;269.42;'2023-06-08 05:44:02';1
967;6;16;28;193;639.94;'2023-06-08 05:44:02';1
968;6;6;10;698;413.04;'2023-06-08 05:44:02';1
969;4;27;8;82;3.25;'2023-06-08 05:44:02';1
970;6;8;16;976;276.4;'2023-06-08 05:44:02';1
971;6;8;20;111;559.88;'2023-06-08 05:44:02';1
972;6;13;14;640;504.86;'2023-06-08 05:44:02';1
973;2;34;27;952;568.92;'2023-06-08 05:44:02';1
974;6;5;10;968;142.83;'2023-06-08 05:44:02';1
975;1;39;11;967;478.81;'2023-06-08 05:44:02';1
976;6;15;3;386;18.91;'2023-06-08 05:44:02';1
977;1;40;1;460;94.21;'2023-06-08 05:44:02';1
978;4;28;16;241;146.81;'2023-06-08 05:44:02';1
979;6;14;30;699;51.1;'2023-06-08 05:44:02';1
980;6;21;10;692;986.22;'2023-06-08 05:44:02';1
981;6;14;26;836;255.73;'2023-06-08 05:44:02';1
982;6;14;4;754;443.11;'2023-06-08 05:44:02';1
983;6;20;10;223;66.28;'2023-06-08 05:44:02';1
984;6;16;30;960;781.89;'2023-06-08 05:44:02';1
985;6;17;27;635;179.92;'2023-06-08 05:44:02';1
986;6;18;24;866;434.71;'2023-06-08 05:44:02';1
987;6;9;1;347;892.16;'2023-06-08 05:44:02';1
988;6;12;9;648;277.4;'2023-06-08 05:44:02';1
989;6;9;25;361;383.57;'2023-06-08 05:44:02';1
990;2;35;11;713;882.96;'2023-06-08 05:44:02';1
991;5;38;10;275;163.4;'2023-06-08 05:44:02';1
992;1;25;16;651;401.95;'2023-06-08 05:44:02';1
993;2;23;20;988;859.73;'2023-06-08 05:44:02';1
994;6;9;24;368;209.08;'2023-06-08 05:44:02';1
995;6;10;19;810;439.6;'2023-06-08 05:44:02';1
996;3;29;29;937;123.67;'2023-06-08 05:44:02';1
997;6;20;2;946;14.44;'2023-06-08 05:44:02';1
998;3;29;25;789;501.9;'2023-06-08 05:44:02';1
999;5;26;4;576;718.63;'2023-06-08 05:44:02';1
1000;2;39;5;430;624.11;'2023-06-08 05:44:02';1
